company,file,score,flags,chunks,tables,items_src,balance,blank_label_pct,tiny_chunks,pdf_pages,nums_in_pdf,nums_absent,nums_absent_pct,worst_pages,bullets,bullets_missing
Adobe,Adobe_2019_10K,22,BLANK_LABELS:5.3%; LONG_TITLES:28; NUMBERS_ABSENT:6.5%; BULLETS_MISSING:9/87,583,73,hier,PASS,5.3,0,128,1268,82,6.5,p96:24 p87:20 p94:12 p105:12 p36:5,87,9
Home Depot,Home Depot_2019_10K,22,BLANK_LABELS:10.2%; LONG_TITLES:25; NUMBERS_ABSENT:4.9%; BULLETS_MISSING:5/40,323,57,hier,PASS,10.2,0,74,589,29,4.9,p31:17 p24:7,40,5
NORTHROP,NORTHROP_2019_10K,22,BLANK_LABELS:7.0%; LONG_TITLES:51; NUMBERS_ABSENT:12.3%; BULLETS_MISSING:7/49,472,69,hier,PASS,7.0,1,117,767,94,12.3,p37:49 p93:12 p94:10 p38:9 p92:9,49,7
Woodward Inc,"Woodward, Inc._2021_10K",22,BLANK_LABELS:7.6%; LONG_TITLES:31; NUMBERS_ABSENT:6.3%; BULLETS_MISSING:10/84,510,97,hier,PASS,7.6,0,105,1678,105,6.3,p63:46 p81:16 p60:14 p36:6 p67:6,84,10
NORTHROP,NORTHROP_2016_10K,21,LONG_TITLES:36; NUMBERS_ABSENT:9.5%; BULLETS_MISSING:16/21,423,65,hier,PASS,2.8,0,100,578,55,9.5,p34:44 p36:7,21,16
NORTHROP,NORTHROP_2017_10K,21,LONG_TITLES:47; NUMBERS_ABSENT:9.6%; BULLETS_MISSING:12/49,440,66,hier,PASS,2.2,0,103,572,55,9.6,p35:44 p37:7,49,12
NORTHROP,NORTHROP_2018_10K,21,LONG_TITLES:50; NUMBERS_ABSENT:11.0%; BULLETS_MISSING:7/41,504,87,hier,PASS,3.3,1,127,847,93,11.0,p38:49 p88:11 p89:10 p39:9 p87:9,41,7
KENNAMETAL,KENNAMETAL_2019_10K,13,ITEMS_MISSING:1A; BALANCE_NOT_FOUND; BLANK_LABELS:6.0%; LONG_TITLES:12,357,61,hier,NOT_FOUND,6.0,1,92,1113,0,0.0,,5,0
Rockwell Auomation,Rockwell Automation_2020_10K,13,BALANCE_NOT_FOUND; BLANK_LABELS:6.2%; LONG_TITLES:16; NUMBERS_ABSENT:5.6%,412,83,hier,NOT_FOUND,6.2,0,127,340,19,5.6,p14:13,78,0
Rockwell Auomation,Rockwell Automation_2021_10K,13,BALANCE_NOT_FOUND; BLANK_LABELS:8.8%; LONG_TITLES:14; NUMBERS_ABSENT:4.4%,422,80,hier,NOT_FOUND,8.8,0,113,360,16,4.4,p15:12,87,0
Southwest,Southwest_2021_10K,13,BALANCE_NOT_FOUND; BLANK_LABELS:9.7%; LONG_TITLES:63; NUMBERS_ABSENT:5.0%,638,59,hier,NOT_FOUND,9.7,0,167,380,19,5.0,p64:17,75,0
Adobe,Adobe_2016_10K,12,BLANK_LABELS:5.5%; LONG_TITLES:27; NUMBERS_ABSENT:6.1%,543,74,hier,PASS,5.5,0,122,1175,72,6.1,p89:35 p81:14 p96:12 p82:5,88,6
Adobe,Adobe_2018_10K,12,BLANK_LABELS:7.9%; LONG_TITLES:21; NUMBERS_ABSENT:7.2%,546,74,hier,PASS,7.9,0,121,1198,86,7.2,p79:27 p86:26 p94:16 p85:9,86,6
Adobe,Adobe_2021_10K,12,BLANK_LABELS:6.9%; LONG_TITLES:39; BULLETS_MISSING:10/91,517,59,hier,PASS,6.9,0,125,356,4,1.1,,91,10
Adobe,Adobe_2023_10K,12,BLANK_LABELS:5.2%; LONG_TITLES:52; BULLETS_MISSING:15/111,493,57,hier,PASS,5.2,1,123,358,9,2.5,p97:6,111,15
Adobe,Adobe_2024_10K,12,BLANK_LABELS:5.7%; LONG_TITLES:52; BULLETS_MISSING:13/110,512,54,hier,PASS,5.7,1,124,360,7,1.9,,110,13
AMD,AMD_2016_10K,12,BLANK_LABELS:6.5%; LONG_TITLES:59; NUMBERS_ABSENT:5.5%,576,70,hier,PASS,6.5,0,128,145,8,5.5,,85,0
AMD,AMD_2018_10K,12,BLANK_LABELS:5.2%; LONG_TITLES:55; NUMBERS_ABSENT:7.3%,531,60,hier,PASS,5.2,0,120,220,16,7.3,p98:11,86,0
AMD,AMD_2019_10K,12,BLANK_LABELS:5.9%; LONG_TITLES:53; NUMBERS_ABSENT:12.2%,463,58,hier,PASS,5.9,0,109,205,25,12.2,p93:23,4,0
Boeing,Boeing_2018_10K,12,BALANCE_NOT_FOUND; LONG_TITLES:15; NUMBERS_ABSENT:3.7%,505,115,hier,NOT_FOUND,3.2,1,131,1307,48,3.7,p70:23 p72:15 p76:6,19,0
Caterpillar,Caterpillar_2018_10K,12,BLANK_LABELS:7.3%; LONG_TITLES:14; NUMBERS_ABSENT:7.3%,641,134,hier,PASS,7.3,2,194,1710,125,7.3,p49:35 p41:23 p32:21 p161:12 p38:7,134,0
Caterpillar,Caterpillar_2019_10K,12,BLANK_LABELS:5.1%; LONG_TITLES:14; NUMBERS_ABSENT:4.6%,605,121,hier,PASS,5.1,1,193,1698,78,4.6,p41:23 p50:17 p157:10 p55:7,127,3
Caterpillar,Caterpillar_2021_10K,12,BLANK_LABELS:5.3%; LONG_TITLES:14; NUMBERS_ABSENT:7.2%,575,99,hier,PASS,5.3,0,166,1348,97,7.2,p48:29 p42:16 p117:12 p138:11 p51:7,114,0
Colgate_Palmolive,Colgate_Palmolive_2021_10K,12,BLANK_LABELS:7.5%; LONG_TITLES:12; NUMBERS_ABSENT:3.3%,445,80,hier,PASS,7.5,0,125,418,14,3.3,p91:6,68,0
Colgate_Palmolive,Colgate_Palmolive_2022_10K,12,BLANK_LABELS:5.8%; LONG_TITLES:12; NUMBERS_ABSENT:3.6%,449,81,hier,PASS,5.8,0,130,415,15,3.6,p56:5 p96:5,68,0
Dell,Dell_2023_10K,12,BLANK_LABELS:8.6%; LONG_TITLES:45; NUMBERS_ABSENT:3.2%,690,84,hier,PASS,8.6,0,203,878,28,3.2,p148:7 p130:6,55,0
Dell,Dell_2024_10K,12,BLANK_LABELS:7.9%; LONG_TITLES:45; NUMBERS_ABSENT:3.8%,672,81,hier,PASS,7.9,0,184,813,31,3.8,p133:8 p117:6,55,0
Franklin Electric,Franklin Electric_2016_10k,12,ITEMS_MISSING:3; BALANCE_NOT_FOUND; BLANK_LABELS:8.1%,312,66,hier,NOT_FOUND,8.1,0,78,388,4,1.0,,50,0
Franklin Electric,Franklin Electric_2017_10k,12,ITEMS_MISSING:3; BALANCE_NOT_FOUND; BLANK_LABELS:13.8%,323,65,hier,NOT_FOUND,13.8,0,78,387,4,1.0,,33,0
Franklin Electric,Franklin Electric_2018_10k,12,ITEMS_MISSING:3; BALANCE_NOT_FOUND; BLANK_LABELS:12.9%,334,64,hier,NOT_FOUND,12.9,0,82,396,5,1.3,,38,1
Franklin Electric,Franklin Electric_2019_10k,12,ITEMS_MISSING:3; BALANCE_NOT_FOUND; BLANK_LABELS:17.8%,312,61,hier,NOT_FOUND,17.8,0,104,396,1,0.3,,43,0
Google,Google_2022_10K,12,BLANK_LABELS:8.2%; LONG_TITLES:62; NUMBERS_ABSENT:3.5%,434,62,hier,PASS,8.2,3,92,805,28,3.5,p31:6 p35:6 p78:5,158,10
Google,Google_2023_10K,12,BLANK_LABELS:12.3%; LONG_TITLES:54; NUMBERS_ABSENT:3.7%,458,63,hier,PASS,12.3,3,97,820,30,3.7,p82:10 p35:6 p38:6,152,9
Home Depot,Home Depot_2017_10K,12,BLANK_LABELS:9.2%; LONG_TITLES:19; BULLETS_MISSING:1/3,307,43,hier,PASS,9.2,0,71,450,0,0.0,,3,1
Home Depot,Home Depot_2018_10K,12,BLANK_LABELS:9.4%; LONG_TITLES:26; BULLETS_MISSING:6/46,315,54,hier,PASS,9.4,0,71,546,1,0.2,,46,6
Home Depot,Home Depot_2020_10K,12,BLANK_LABELS:15.2%; LONG_TITLES:30; BULLETS_MISSING:6/42,347,54,hier,PASS,15.2,0,82,604,7,1.2,p57:5,42,6
KENNAMETAL,KENNAMETAL_2018_10K,12,ITEMS_MISSING:1A; BALANCE_NOT_FOUND; LONG_TITLES:12,368,70,hier,NOT_FOUND,4.5,1,94,1154,2,0.2,,9,0
KENNAMETAL,KENNAMETAL_2020_10K,12,ITEMS_MISSING:1A; BALANCE_NOT_FOUND; LONG_TITLES:14,368,64,hier,NOT_FOUND,5.0,1,97,1137,7,0.6,p84:6,14,0
KImberly_Clark,KImberly_Clark_2016_10K,12,BLANK_LABELS:7.7%; LONG_TITLES:11; NUMBERS_ABSENT:3.1%,274,62,hier,PASS,7.7,0,69,425,13,3.1,p23:7,73,1
KImberly_Clark,KImberly_Clark_2018_10K,12,BLANK_LABELS:13.2%; LONG_TITLES:11; NUMBERS_ABSENT:4.4%,268,54,hier,PASS,13.2,0,67,388,17,4.4,p22:8,66,1
KImberly_Clark,KImberly_Clark_2019_10K,12,BLANK_LABELS:11.9%; LONG_TITLES:12; NUMBERS_ABSENT:5.1%,264,55,hier,PASS,11.9,0,70,372,19,5.1,p20:8,57,1
KImberly_Clark,KImberly_Clark_2020_10K,12,BLANK_LABELS:10.4%; LONG_TITLES:13; NUMBERS_ABSENT:4.7%,289,55,hier,PASS,10.4,0,86,381,18,4.7,p29:7,58,1
KImberly_Clark,KImberly_Clark_2021_10K,12,BLANK_LABELS:9.8%; LONG_TITLES:14; NUMBERS_ABSENT:4.9%,299,58,hier,PASS,9.8,0,87,327,16,4.9,p30:8,62,1
KImberly_Clark,KImberly_Clark_2022_10K,12,BLANK_LABELS:8.6%; LONG_TITLES:14; NUMBERS_ABSENT:6.8%,311,55,hier,PASS,8.6,0,90,325,22,6.8,p30:8,61,1
KImberly_Clark,KImberly_Clark_2023_10K,12,BLANK_LABELS:7.8%; LONG_TITLES:19; NUMBERS_ABSENT:7.2%,334,55,hier,PASS,7.8,1,94,335,24,7.2,p33:8,71,1
KImberly_Clark,KImberly_Clark_2024_10K,12,BLANK_LABELS:10.8%; LONG_TITLES:20; NUMBERS_ABSENT:4.6%,354,66,hier,PASS,10.8,0,102,347,16,4.6,p36:8 p70:6,83,5
KImberly_Clark,KImberly_Clark_2025_10K,12,BLANK_LABELS:5.9%; LONG_TITLES:39; NUMBERS_ABSENT:4.8%,409,71,hier,PASS,5.9,0,116,374,18,4.8,p41:12,103,6
Lockheed Martin,Lockheed Martin_2016_10K,12,BLANK_LABELS:8.9%; LONG_TITLES:28; NUMBERS_ABSENT:6.2%,568,54,hier,PASS,8.9,0,117,777,48,6.2,p25:36 p49:8,0,0
META,META_2016_10K,12,BLANK_LABELS:11.6%; LONG_TITLES:62; NUMBERS_ABSENT:3.6%,426,55,hier,PASS,11.6,1,90,576,21,3.6,p69:19,144,0
Netflix,Netflix_2017_10K,12,BLANK_LABELS:12.1%; LONG_TITLES:36; NUMBERS_ABSENT:4.8%,293,48,hier,PASS,12.1,0,73,846,41,4.8,p24:12 p23:10 p25:6,41,0
Netflix,Netflix_2021_10K,12,BLANK_LABELS:14.5%; LONG_TITLES:41; NUMBERS_ABSENT:3.1%,285,49,hier,PASS,14.5,0,70,741,23,3.1,p24:7 p29:6,41,0
Netflix,Netflix_2022_10K,12,BLANK_LABELS:16.0%; LONG_TITLES:45; NUMBERS_ABSENT:3.6%,291,49,hier,PASS,16.0,0,84,742,27,3.6,p33:9 p39:5 p68:5,54,0
Netflix,Netflix_2023_10K,12,BLANK_LABELS:14.8%; LONG_TITLES:40; NUMBERS_ABSENT:3.9%,314,57,hier,PASS,14.8,0,89,792,31,3.9,p34:8 p71:6 p40:5,56,0
Nvidia,Nvidia_2017_10K,12,BLANK_LABELS:14.7%; LONG_TITLES:32; NUMBERS_ABSENT:6.9%,413,64,hier,PASS,14.7,0,110,216,15,6.9,p93:6,81,0
Nvidia,Nvidia_2018_10K,12,BLANK_LABELS:7.3%; LONG_TITLES:27; NUMBERS_ABSENT:3.2%,382,58,hier,PASS,7.3,0,133,283,9,3.2,,0,0
Nvidia,Nvidia_2019_10K,12,BLANK_LABELS:8.4%; LONG_TITLES:27; NUMBERS_ABSENT:3.5%,368,53,hier,PASS,8.4,0,125,312,11,3.5,,0,0
Nvidia,Nvidia_2021_10K,12,BLANK_LABELS:11.5%; LONG_TITLES:44; NUMBERS_ABSENT:4.5%,392,48,hier,PASS,11.5,1,127,292,13,4.5,,83,0
Nvidia,Nvidia_2022_10K,12,BLANK_LABELS:13.1%; LONG_TITLES:52; NUMBERS_ABSENT:3.6%,399,51,hier,PASS,13.1,0,128,385,14,3.6,p121:5,81,0
Nvidia,Nvidia_2025_10K,12,BLANK_LABELS:9.4%; LONG_TITLES:90; NUMBERS_ABSENT:3.1%,424,45,hier,PASS,9.4,0,91,552,17,3.1,p79:6,106,0
Palo Alto Networks,Palo Alto Networks (PANW)_2021_10K,12,BLANK_LABELS:9.3%; LONG_TITLES:91; NUMBERS_ABSENT:3.1%,597,74,hier,PASS,9.3,0,139,262,8,3.1,,213,4
Palo Alto Networks,Palo Alto Networks (PANW)_2023_10K,12,BLANK_LABELS:12.4%; LONG_TITLES:62; NUMBERS_ABSENT:4.9%,496,66,hier,PASS,12.4,0,103,304,15,4.9,,2,0
Palo Alto Networks,Palo Alto Networks (PANW)_2024_10K,12,BLANK_LABELS:12.1%; LONG_TITLES:69; NUMBERS_ABSENT:5.2%,517,62,hier,PASS,12.1,0,111,330,17,5.2,p51:5,171,0
Palo Alto Networks,Palo Alto Networks (PANW)_2025_10K,12,BLANK_LABELS:9.7%; LONG_TITLES:79; NUMBERS_ABSENT:4.3%,519,64,hier,PASS,9.7,0,110,349,15,4.3,p82:5,194,0
Paypal,PayPal _2021_10K,12,BLANK_LABELS:6.4%; LONG_TITLES:28; BULLETS_MISSING:7/23,575,68,hier,PASS,6.4,0,153,483,13,2.7,,23,7
Paypal,PayPal _2022_10K,12,BLANK_LABELS:5.4%; LONG_TITLES:26; BULLETS_MISSING:8/27,606,70,hier,PASS,5.4,1,156,517,13,2.5,p127:8,27,8
Paypal,PayPal _2023_10K,12,BLANK_LABELS:8.9%; LONG_TITLES:30; BULLETS_MISSING:8/40,611,70,hier,PASS,8.9,0,149,506,11,2.2,,40,8
Paypal,PayPal _2024_10K,12,BLANK_LABELS:5.3%; LONG_TITLES:31; BULLETS_MISSING:9/43,591,71,hier,PASS,5.3,0,147,530,12,2.3,p122:8,43,9
Paypal,PayPal _2025_10K,12,BLANK_LABELS:5.6%; LONG_TITLES:31; BULLETS_MISSING:9/48,599,67,hier,PASS,5.6,2,154,537,14,2.6,,48,9
Rockwell Auomation,Rockwell Automation_2016_10K,12,BALANCE_NOT_FOUND; BLANK_LABELS:6.7%; NUMBERS_ABSENT:5.6%,357,86,hier,NOT_FOUND,6.7,1,99,321,18,5.6,p11:12,67,0
Rockwell Auomation,Rockwell Automation_2017_10K,12,BALANCE_NOT_FOUND; BLANK_LABELS:7.3%; NUMBERS_ABSENT:4.5%,358,91,hier,NOT_FOUND,7.3,1,101,332,15,4.5,p12:11,67,0
Rockwell Auomation,Rockwell Automation_2018_10K,12,BALANCE_NOT_FOUND; BLANK_LABELS:5.6%; NUMBERS_ABSENT:5.0%,364,88,hier,NOT_FOUND,5.6,0,107,342,17,5.0,p12:13,67,5
Rockwell Auomation,Rockwell Automation_2019_10K,12,BALANCE_NOT_FOUND; BLANK_LABELS:5.1%; NUMBERS_ABSENT:4.4%,394,93,hier,NOT_FOUND,5.1,0,117,386,17,4.4,p14:13,67,4
SalesForce,Salesforce_2018_10K,12,BLANK_LABELS:17.3%; LONG_TITLES:44; NUMBERS_ABSENT:4.4%,560,84,hier,PASS,17.3,5,118,1381,61,4.4,p91:28 p45:7 p48:7 p47:6 p79:6,161,1
SalesForce,Salesforce_2019_10K,12,BLANK_LABELS:14.6%; LONG_TITLES:44; NUMBERS_ABSENT:4.1%,527,81,hier,PASS,14.6,2,115,507,21,4.1,p36:5 p68:5,192,0
SalesForce,Salesforce_2020_10K,12,BLANK_LABELS:17.9%; LONG_TITLES:48; NUMBERS_ABSENT:4.2%,518,78,hier,PASS,17.9,3,128,427,18,4.2,p35:7,173,1
SalesForce,Salesforce_2026_10K,12,BLANK_LABELS:11.8%; LONG_TITLES:66; NUMBERS_ABSENT:4.3%,516,64,hier,PASS,11.8,4,105,563,24,4.3,p87:9,139,7
ServiceNow,ServiceNow_2018_10K,12,BLANK_LABELS:10.0%; LONG_TITLES:50; NUMBERS_ABSENT:4.4%,481,73,hier,PASS,10.0,0,109,1354,60,4.4,p53:19 p80:15 p86:6 p45:5,97,3
ServiceNow,ServiceNow_2022_10K,12,BLANK_LABELS:13.4%; LONG_TITLES:64; BULLETS_MISSING:15/149,422,40,hier,PASS,13.4,0,108,220,4,1.8,,149,15
ServiceNow,ServiceNow_2023_10K,12,BLANK_LABELS:10.7%; LONG_TITLES:54; BULLETS_MISSING:13/116,416,38,hier,PASS,10.7,0,95,245,3,1.2,,116,13
ServiceNow,ServiceNow_2025_10K,12,BLANK_LABELS:8.5%; LONG_TITLES:42; BULLETS_MISSING:1/1,456,46,hier,PASS,8.5,1,117,339,0,0.0,,1,1
Starbucks,Starbucks_2017_10K,12,BLANK_LABELS:12.1%; LONG_TITLES:32; NUMBERS_ABSENT:3.1%,414,72,hier,PASS,12.1,1,110,608,19,3.1,p38:5 p91:5,21,2
Starbucks,Starbucks_2018_10K,12,BLANK_LABELS:20.7%; LONG_TITLES:34; NUMBERS_ABSENT:3.1%,437,66,hier,PASS,20.7,0,113,647,20,3.1,p41:5 p94:5,24,1
Starbucks,Starbucks_2021_10K,12,BLANK_LABELS:19.7%; LONG_TITLES:40; NUMBERS_ABSENT:3.4%,423,56,hier,PASS,19.7,0,113,507,17,3.4,p98:7,11,0
Starbucks,Starbucks_2022_10K,12,BLANK_LABELS:17.7%; LONG_TITLES:42; NUMBERS_ABSENT:3.4%,417,58,hier,PASS,17.7,0,109,507,17,3.4,p93:7,11,0
Starbucks,Starbucks_2025_10K,12,BLANK_LABELS:26.7%; LONG_TITLES:34; NUMBERS_ABSENT:3.3%,418,58,hier,PASS,26.7,0,112,549,18,3.3,p83:9 p80:6,36,0
WATTS WATER TECHNOLOGIES,WATTS WATER TECHNOLOGIES_2018_10K,12,ITEMS_EMPTY:1A; BLANK_LABELS:18.9%; LONG_TITLES:15,408,62,hier,PASS,18.9,1,140,100,2,2.0,,0,0
Woodward Inc,"Woodward, Inc._2017_10K",12,ITEMS_MISSING:1; BLANK_LABELS:17.3%; LONG_TITLES:45,552,99,hier,PASS,17.3,0,111,1784,30,1.7,p101:12 p63:5,0,0
Woodward Inc,"Woodward, Inc._2018_10K",12,BLANK_LABELS:20.7%; LONG_TITLES:51; BULLETS_MISSING:17/55,649,115,hier,PASS,20.7,0,129,2007,22,1.1,p117:12,55,17
Woodward Inc,"Woodward, Inc._2019_10K",12,BLANK_LABELS:11.6%; LONG_TITLES:59; BULLETS_MISSING:10/24,699,119,hier,PASS,11.6,0,145,2313,30,1.3,p38:6 p104:6 p110:5,24,10
Woodward Inc,"Woodward, Inc._2022_10K",12,BLANK_LABELS:8.7%; LONG_TITLES:33; NUMBERS_ABSENT:6.3%,516,101,hier,PASS,8.7,0,105,1673,106,6.3,p62:43 p59:15 p81:13 p97:9 p66:6,84,7
Woodward Inc,"Woodward, Inc._2023_10K",12,BLANK_LABELS:9.5%; LONG_TITLES:37; BULLETS_MISSING:14/97,496,97,hier,PASS,9.5,0,102,1593,35,2.2,p76:15 p93:9 p28:5,97,14
Woodward Inc,"Woodward, Inc._2024_10K",12,BLANK_LABELS:8.9%; LONG_TITLES:36; BULLETS_MISSING:13/101,491,97,hier,PASS,8.9,0,100,1559,43,2.8,p76:13 p92:8 p88:5,101,13
Workday,Workday (WDAY)_2017_10K,12,BLANK_LABELS:17.2%; LONG_TITLES:63; NUMBERS_ABSENT:7.8%,408,58,hier,PASS,17.2,0,88,1025,80,7.8,p27:29 p28:21 p78:18 p77:12,113,0
Workday,Workday (WDAY)_2018_10K,12,BLANK_LABELS:12.2%; LONG_TITLES:71; NUMBERS_ABSENT:5.1%,427,58,hier,PASS,12.2,0,94,981,50,5.1,p30:15 p83:12 p84:12 p31:11,126,0
Workday,Workday (WDAY)_2019_10K,12,BLANK_LABELS:10.4%; LONG_TITLES:80; NUMBERS_ABSENT:5.9%,428,60,hier,PASS,10.4,0,109,964,57,5.9,p34:28 p35:20 p88:9,142,0
3M,3M_2016_10K,11,BLANK_LABELS:10.8%; NUMBERS_ABSENT:8.9%,592,103,hier,PASS,10.8,0,208,948,84,8.9,p200:27 p193:15 p195:11 p196:10 p26:5,0,0
3M,3M_2017_10K,11,BLANK_LABELS:10.9%; NUMBERS_ABSENT:7.5%,617,110,hier,PASS,10.9,2,222,957,72,7.5,p213:24 p206:15 p209:9 p27:5 p164:5,0,0
3M,3M_2018_10K,11,BLANK_LABELS:9.1%; NUMBERS_ABSENT:5.4%,631,105,hier,PASS,9.1,2,202,1034,56,5.4,p194:24 p186:12 p145:7 p74:6 p20:5,0,0
3M,3M_2019_10K,11,BLANK_LABELS:12.2%; NUMBERS_ABSENT:4.8%,646,102,hier,PASS,12.2,0,222,1017,49,4.8,p214:24 p206:11 p153:7,126,0
3M,3M_2020_10K,11,BLANK_LABELS:12.0%; NUMBERS_ABSENT:6.0%,666,106,hier,PASS,12.0,0,236,941,56,6.0,p227:25 p158:10 p216:10,142,0
Adobe,Adobe_2017_10K,11,LONG_TITLES:21; NUMBERS_ABSENT:6.7%,524,73,hier,PASS,2.9,0,115,1177,79,6.7,p76:24 p83:23 p90:16 p82:8 p55:5,80,6
Adobe,Adobe_2022_10K,11,LONG_TITLES:47; BULLETS_MISSING:10/91,505,58,hier,PASS,4.0,0,129,374,7,1.9,p101:6,91,10
AMD,AMD_2017_10K,11,LONG_TITLES:59; NUMBERS_ABSENT:4.3%,607,64,hier,PASS,5.0,0,133,186,8,4.3,p111:5,87,0
AMD,AMD_2020_10K,11,LONG_TITLES:63; NUMBERS_ABSENT:11.5%,471,50,hier,PASS,2.5,0,128,253,29,11.5,p117:27,51,0
Carlisle,Carlisle_2016_10K,11,BLANK_LABELS:6.0%; NUMBERS_ABSENT:5.7%,429,83,hier,PASS,6.0,0,92,229,13,5.7,p67:8,0,0
Caterpillar,Caterpillar_2020_10K,11,LONG_TITLES:14; NUMBERS_ABSENT:5.1%,591,113,hier,PASS,4.9,0,173,1590,81,5.1,p48:25 p42:17 p120:11 p148:6 p51:5,114,0
Caterpillar,Caterpillar_2022_10K,11,LONG_TITLES:18; NUMBERS_ABSENT:4.3%,556,96,hier,PASS,3.9,0,153,1288,55,4.3,p41:20 p126:10 p99:6 p100:5,102,0
Caterpillar,Caterpillar_2023_10K,11,LONG_TITLES:15; NUMBERS_ABSENT:4.4%,554,97,hier,PASS,4.4,0,155,1281,56,4.4,p44:19 p131:11 p105:6 p106:6,103,1
Caterpillar,Caterpillar_2024_10K,11,LONG_TITLES:15; NUMBERS_ABSENT:3.2%,557,99,hier,PASS,3.3,0,158,1312,42,3.2,p42:13 p131:11 p107:5 p108:5,102,1
Caterpillar,Caterpillar_2025_10K,11,LONG_TITLES:14; NUMBERS_ABSENT:3.9%,552,99,hier,PASS,3.3,0,165,1337,52,3.9,p45:14 p135:13 p110:6 p122:6 p111:5,106,1
CHEVRON,CHEVRON_2016_10K,11,BLANK_LABELS:6.4%; NUMBERS_ABSENT:4.9%,513,116,hier,PASS,6.4,2,143,2405,118,4.9,p130:27 p139:21 p55:17 p10:13 p115:8,3,0
CHEVRON,CHEVRON_2017_10K,11,BLANK_LABELS:8.3%; NUMBERS_ABSENT:4.7%,518,116,hier,PASS,8.3,1,140,2354,111,4.7,p125:24 p135:19 p10:15 p129:15 p50:14,3,0
CHEVRON,CHEVRON_2018_10K,11,BLANK_LABELS:8.5%; NUMBERS_ABSENT:3.7%,505,115,hier,PASS,8.5,0,141,2343,86,3.7,p127:22 p48:15 p130:15 p9:12 p113:8,0,0
Google,Google_2025_10K,11,LONG_TITLES:56; NUMBERS_ABSENT:4.4%,450,65,hier,PASS,2.0,4,133,880,39,4.4,p116:20 p87:12 p53:6,128,5
Intel,Intel_2020_10K,11,BLANK_LABELS:16.8%; NUMBERS_ABSENT:6.2%,499,54,hier,PASS,16.8,3,122,833,52,6.2,p96:23 p91:7 p38:6 p47:6,95,4
Intel,Intel_2021_10K,11,BLANK_LABELS:14.9%; NUMBERS_ABSENT:4.7%,509,57,hier,PASS,14.9,4,124,727,34,4.7,p96:19 p25:6,103,9
Intel,Intel_2022_10K,11,ITEMS_EMPTY:1/1A; BLANK_LABELS:21.9%,517,61,hier,PASS,21.9,3,127,680,10,1.5,,114,4
Intuit,Intuit_2017_10K,11,LONG_TITLES:35; BULLETS_MISSING:10/83,456,55,hier,PASS,4.5,4,103,265,0,0.0,,83,10
Intuit,Intuit_2018_10K,11,LONG_TITLES:40; BULLETS_MISSING:8/76,468,58,hier,PASS,5.0,4,122,287,0,0.0,,76,8
KENNAMETAL,KENNAMETAL_2022_10K,11,ITEMS_MISSING:1A; BLANK_LABELS:6.2%,351,63,hier,PASS,6.2,0,87,982,0,0.0,,19,0
KENNAMETAL,KENNAMETAL_2024_10K,11,ITEMS_MISSING:1A; BLANK_LABELS:6.9%,335,58,hier,PASS,6.9,0,85,937,13,1.4,p20:7 p52:5,0,0
Lockheed Martin,Lockheed Martin_2017_10K,11,LONG_TITLES:25; BULLETS_MISSING:4/36,577,55,hier,PASS,2.2,0,125,778,5,0.6,,36,4
Lockheed Martin,Lockheed Martin_2018_10K,11,LONG_TITLES:36; BULLETS_MISSING:5/35,575,61,hier,PASS,2.6,0,131,1009,12,1.2,p50:6,35,5
Lockheed Martin,Lockheed Martin_2019_10K,11,LONG_TITLES:29; BULLETS_MISSING:4/36,545,52,hier,PASS,2.5,0,142,882,9,1.0,p58:6,36,4
Microsoft,MSFT_2017_10K,11,BLANK_LABELS:9.4%; NUMBERS_ABSENT:3.3%,452,68,hier,PASS,9.4,4,104,876,29,3.3,p93:10 p75:7 p74:5,108,5
Netflix,Netflix_2016_10K,11,LONG_TITLES:32; NUMBERS_ABSENT:4.4%,279,50,hier,PASS,4.2,0,69,860,38,4.4,p23:12 p22:10 p24:6,44,0
Netflix,Netflix_2019_10K,11,LONG_TITLES:38; NUMBERS_ABSENT:4.1%,284,55,hier,PASS,1.9,0,79,857,35,4.1,p24:14 p26:7 p28:7 p27:6,39,0
Netflix,Netflix_2025_10K,11,LONG_TITLES:43; NUMBERS_ABSENT:4.0%,349,60,hier,PASS,4.5,0,78,951,38,4.0,p24:23,47,1
NORTHROP,NORTHROP_2020_10K,11,LONG_TITLES:59; NUMBERS_ABSENT:8.7%,499,73,hier,PASS,3.2,1,107,804,70,8.7,p39:44 p91:10 p41:9,43,0
NORTHROP,NORTHROP_2021_10K,11,LONG_TITLES:62; NUMBERS_ABSENT:11.7%,503,68,hier,PASS,1.8,1,108,769,90,11.7,p45:44 p38:15 p92:11 p47:10,98,0
NORTHROP,NORTHROP_2022_10K,11,LONG_TITLES:62; NUMBERS_ABSENT:11.0%,504,64,hier,PASS,2.5,0,109,771,85,11.0,p45:47 p92:10 p38:9 p46:8,106,0
NORTHROP,NORTHROP_2023_10K,11,LONG_TITLES:56; NUMBERS_ABSENT:10.1%,492,64,hier,PASS,1.3,1,108,744,75,10.1,p43:46 p44:10 p92:10 p91:5,108,0
NORTHROP,NORTHROP_2024_10K,11,LONG_TITLES:69; NUMBERS_ABSENT:6.7%,479,65,hier,PASS,1.1,1,107,760,51,6.7,p41:21 p42:10 p89:10 p87:5,104,0
NORTHROP,NORTHROP_2025_10K,11,LONG_TITLES:74; NUMBERS_ABSENT:7.6%,482,65,hier,PASS,2.8,1,104,759,58,7.6,p41:21 p89:14 p42:10 p87:6,71,0
Parker Hannifin,Parker Hannifin_2021_10K,11,LONG_TITLES:24; NUMBERS_ABSENT:5.8%,344,75,hier,PASS,4.4,0,85,1284,74,5.8,p59:47 p58:27,84,0
Paypal,PayPal _2020_10K,11,LONG_TITLES:20; BULLETS_MISSING:7/30,564,69,hier,PASS,5.0,0,141,528,3,0.6,,30,7
Pentair plc,Pentair plc_2016_10K,11,LONG_TITLES:15; NUMBERS_ABSENT:6.3%,488,78,hier,PASS,3.2,1,119,350,22,6.3,p63:10 p67:9,163,0
Pentair plc,Pentair plc_2017_10K,11,LONG_TITLES:20; NUMBERS_ABSENT:6.3%,450,73,hier,PASS,3.9,1,119,334,21,6.3,p63:10 p72:8,149,0
Pentair plc,Pentair plc_2023_10K,11,LONG_TITLES:35; NUMBERS_ABSENT:5.6%,448,65,hier,PASS,2.0,1,107,161,9,5.6,p80:5,144,0
Pentair plc,Pentair plc_2024_10K,11,LONG_TITLES:36; NUMBERS_ABSENT:5.2%,454,68,hier,PASS,2.0,0,101,172,9,5.2,p71:5,121,0
Pentair plc,Pentair plc_2025_10K,11,LONG_TITLES:40; NUMBERS_ABSENT:5.5%,459,66,hier,PASS,1.9,0,105,183,10,5.5,p74:6,117,0
Roper Technologies,Roper Technologies_2020_10K,11,LONG_TITLES:11; NUMBERS_ABSENT:3.6%,321,43,hier,PASS,4.2,0,98,307,11,3.6,p85:5,64,0
Union Pacific,Union_Pacific_2018_10k,11,BLANK_LABELS:25.6%; NUMBERS_ABSENT:3.2%,414,78,hier,PASS,25.6,2,131,712,23,3.2,p55:15 p34:8,0,0
Walmart,Walmart (WMT)_2018_10K,11,BLANK_LABELS:10.9%; NUMBERS_ABSENT:4.2%,476,73,hier,PASS,10.9,2,115,1021,43,4.2,p8:29 p103:12,92,0
Walmart,Walmart (WMT)_2019_10K,11,BLANK_LABELS:7.9%; NUMBERS_ABSENT:4.4%,459,70,hier,PASS,7.9,2,111,1067,47,4.4,p8:29 p97:15,97,0
Walmart,Walmart (WMT)_2026_10K,11,LONG_TITLES:69; BULLETS_MISSING:4/38,449,61,hier,PASS,2.1,5,100,899,3,0.3,,38,4
WATTS WATER TECHNOLOGIES,WATTS WATER TECHNOLOGIES_2019_10K,11,ITEMS_EMPTY:1A; BLANK_LABELS:17.4%,391,61,hier,PASS,17.4,0,145,102,0,0.0,,33,0
Amazon,Amazon_2016_10K,10,NUMBERS_ABSENT:3.3%,355,59,hier,PASS,3.9,0,84,646,21,3.3,p61:12,58,0
Amazon,Amazon_2017_10K,10,NUMBERS_ABSENT:6.7%,365,56,hier,PASS,4.9,0,83,682,46,6.7,p54:15 p60:15 p56:6 p59:6,63,0
Amazon,Amazon_2018_10K,10,NUMBERS_ABSENT:4.0%,349,57,hier,PASS,2.7,0,78,752,30,4.0,p58:12 p54:11,64,0
Amazon,Amazon_2019_10K,10,NUMBERS_ABSENT:3.3%,357,58,hier,PASS,2.5,0,84,763,25,3.3,p60:12 p63:7 p34:5,65,0
Amazon,Amazon_2020_10K,10,NUMBERS_ABSENT:6.0%,345,55,hier,PASS,3.0,0,84,777,47,6.0,p65:16 p68:13 p64:8 p24:5 p40:5,66,0
Amazon,Amazon_2021_10K,10,NUMBERS_ABSENT:8.0%,291,40,hier,PASS,4.0,0,65,636,51,8.0,p56:17 p58:14 p61:11 p45:5,67,0
Amazon,Amazon_2022_10K,10,NUMBERS_ABSENT:4.3%,364,52,hier,PASS,3.7,0,96,833,36,4.3,p71:15 p75:14,67,0
Amazon,Amazon_2023_10K,10,NUMBERS_ABSENT:3.4%,385,55,hier,PASS,2.6,0,103,847,29,3.4,p73:13 p77:13,69,0
Amazon,Amazon_2024_10K,10,NUMBERS_ABSENT:4.0%,376,53,hier,PASS,2.4,0,101,821,33,4.0,p72:16 p75:14,69,0
Amazon,Amazon_2025_10K,10,NUMBERS_ABSENT:5.2%,380,51,hier,PASS,3.0,1,97,869,45,5.2,p68:16 p71:14 p79:13,69,0
CHEVRON,CHEVRON_2020_10K,10,NUMBERS_ABSENT:3.1%,533,121,hier,PASS,3.0,0,125,2444,75,3.1,p109:24 p51:16 p10:14 p97:5 p98:5,0,0
CHEVRON,CHEVRON_2024_10K,10,NUMBERS_ABSENT:4.1%,558,122,hier,PASS,3.8,0,128,2431,99,4.1,p86:36 p110:22 p85:21 p54:8,4,0
Donaldson,Donaldson_2020_10K,10,NUMBERS_ABSENT:4.8%,317,66,hier,PASS,3.2,0,90,125,6,4.8,,7,0
KENNAMETAL,KENNAMETAL_2021_10K,10,ITEMS_MISSING:1A,353,59,hier,PASS,4.4,0,89,980,6,0.6,p55:6,22,0
KENNAMETAL,KENNAMETAL_2023_10K,10,ITEMS_MISSING:1A,342,61,hier,PASS,4.6,0,88,954,6,0.6,p53:6,0,0
KENNAMETAL,KENNAMETAL_2025_10K,10,ITEMS_MISSING:1A,342,61,hier,PASS,5.0,0,87,968,5,0.5,p52:5,0,0
KENNAMETAL,KENNAMETAL_2026_10K,10,ITEMS_MISSING:1A,340,63,hier,PASS,3.9,0,91,992,5,0.5,p52:5,0,0
Roper Technologies,Roper Technologies_2021_10K,10,NUMBERS_ABSENT:3.3%,314,44,hier,PASS,3.3,0,89,304,10,3.3,,56,0
Union Pacific,Union_Pacific_2021_10k,10,NUMBERS_ABSENT:8.9%,369,75,hier,PASS,2.9,0,103,666,59,8.9,p35:29 p43:15,23,0
Union Pacific,Union_Pacific_2023_10k,10,BULLETS_MISSING:2/18,364,71,hier,PASS,3.8,2,82,647,5,0.8,,18,2
Walmart,Walmart (WMT)_2017_10K,4,BALANCE_NOT_FOUND; FEW_TABLES:15; BLANK_LABELS:21.4%; LONG_TITLES:32,181,15,hier,NOT_FOUND,21.4,0,41,184,0,0.0,,65,0
Boeing,Boeing_2020_10K,3,BALANCE_NOT_FOUND; BLANK_LABELS:5.1%; LONG_TITLES:23,601,111,hier,NOT_FOUND,5.1,0,175,1208,15,1.2,p93:10,47,0
Boeing,Boeing_2024_10K,3,BALANCE_NOT_FOUND; BLANK_LABELS:5.3%; LONG_TITLES:28,547,101,hier,NOT_FOUND,5.3,0,153,1084,17,1.6,p80:9 p83:5,49,0
Dell,Dell_2022_10K,3,BALANCE_NOT_FOUND; BLANK_LABELS:9.9%; LONG_TITLES:38,725,83,hier,NOT_FOUND,9.9,0,204,939,22,2.3,p135:6,68,0
Google,Google_2016_10K,3,BALANCE_NOT_FOUND; BLANK_LABELS:6.3%; LONG_TITLES:21,436,76,hier,NOT_FOUND,6.3,4,119,806,4,0.5,,160,6
Google,Google_2017_10K,3,BALANCE_NOT_FOUND; BLANK_LABELS:6.2%; LONG_TITLES:21,438,71,hier,NOT_FOUND,6.2,7,121,818,3,0.4,,161,6
Google,Google_2019_10K,3,BALANCE_NOT_FOUND; BLANK_LABELS:9.0%; LONG_TITLES:40,431,74,hier,NOT_FOUND,9.0,4,118,899,3,0.3,,167,6
Intuit,Intuit_2020_10K,3,BALANCE_NOT_FOUND; BLANK_LABELS:10.3%; LONG_TITLES:44,484,62,hier,NOT_FOUND,10.3,4,130,356,5,1.4,p52:5,94,5
NORDSON,NORDSON_2017_10K,3,BALANCE_NOT_FOUND; BLANK_LABELS:12.1%; LONG_TITLES:12,349,71,hier,NOT_FOUND,12.1,0,84,1578,13,0.8,p35:6 p69:6,42,0
NORDSON,NORDSON_2018_10K,3,BALANCE_NOT_FOUND; BLANK_LABELS:10.8%; LONG_TITLES:14,337,68,hier,NOT_FOUND,10.8,1,84,1465,16,1.1,p68:6 p35:5,39,0
NORDSON,NORDSON_2019_10K,3,BALANCE_NOT_FOUND; BLANK_LABELS:12.3%; LONG_TITLES:16,345,65,hier,NOT_FOUND,12.3,1,82,1442,8,0.6,p33:5,39,0
NORDSON,NORDSON_2020_10K,3,BALANCE_NOT_FOUND; BLANK_LABELS:7.2%; LONG_TITLES:20,367,68,hier,NOT_FOUND,7.2,1,102,1400,16,1.1,p86:6 p45:5,49,2
NORDSON,NORDSON_2021_10K,3,BALANCE_NOT_FOUND; BLANK_LABELS:6.8%; LONG_TITLES:20,337,66,hier,NOT_FOUND,6.8,1,91,1232,9,0.7,,42,0
NORDSON,NORDSON_2022_10K,3,BALANCE_NOT_FOUND; BLANK_LABELS:8.3%; LONG_TITLES:24,325,59,hier,NOT_FOUND,8.3,1,97,1241,11,0.9,p45:5,37,0
NORDSON,NORDSON_2023_10K,3,BALANCE_NOT_FOUND; BLANK_LABELS:7.1%; LONG_TITLES:24,346,64,hier,NOT_FOUND,7.1,0,101,1260,18,1.4,p66:5,37,0
NORDSON,NORDSON_2024_10K,3,BALANCE_NOT_FOUND; BLANK_LABELS:7.4%; LONG_TITLES:30,366,68,hier,NOT_FOUND,7.4,0,104,1307,19,1.5,p47:6 p69:5,40,1
NORDSON,NORDSON_2025_10K,3,BALANCE_NOT_FOUND; BLANK_LABELS:7.5%; LONG_TITLES:33,357,70,hier,NOT_FOUND,7.5,0,96,1276,11,0.9,p66:5,42,0
Southwest,Southwest_2016_10K,3,BALANCE_NOT_FOUND; BLANK_LABELS:8.5%; LONG_TITLES:27,542,71,hier,NOT_FOUND,8.5,0,133,421,0,0.0,,44,0
Southwest,Southwest_2017_10K,3,BALANCE_NOT_FOUND; BLANK_LABELS:10.2%; LONG_TITLES:32,558,66,hier,NOT_FOUND,10.2,0,141,426,2,0.5,,38,0
Southwest,Southwest_2018_10K,3,BALANCE_NOT_FOUND; BLANK_LABELS:13.8%; LONG_TITLES:34,578,73,hier,NOT_FOUND,13.8,0,148,495,0,0.0,,50,0
Southwest,Southwest_2020_10K,3,BALANCE_NOT_FOUND; BLANK_LABELS:9.9%; LONG_TITLES:62,684,63,hier,NOT_FOUND,9.9,0,180,450,3,0.7,,106,0
Southwest,Southwest_2022_10K,3,BALANCE_NOT_FOUND; BLANK_LABELS:8.8%; LONG_TITLES:82,681,64,hier,NOT_FOUND,8.8,0,174,375,6,1.6,,98,0
Southwest,Southwest_2023_10K,3,BALANCE_NOT_FOUND; BLANK_LABELS:10.9%; LONG_TITLES:86,705,61,hier,NOT_FOUND,10.9,0,182,337,9,2.7,,92,0
Southwest,Southwest_2024_10K,3,BALANCE_NOT_FOUND; BLANK_LABELS:7.3%; LONG_TITLES:73,750,64,hier,NOT_FOUND,7.3,0,191,354,7,2.0,,114,7
Southwest,Southwest_2026_10K,3,BALANCE_NOT_FOUND; BLANK_LABELS:9.9%; LONG_TITLES:76,676,63,hier,NOT_FOUND,9.9,0,183,360,3,0.8,,99,4
Adobe,Adobe_2020_10K,2,BLANK_LABELS:8.1%; LONG_TITLES:36,597,69,hier,PASS,8.1,0,143,448,7,1.6,,83,8
AMD,AMD_2021_10K,2,BLANK_LABELS:6.8%; LONG_TITLES:66,439,43,hier,PASS,6.8,0,108,246,0,0.0,,49,0
AMD,AMD_2022_10K,2,BLANK_LABELS:8.9%; LONG_TITLES:73,496,53,hier,PASS,8.9,0,125,381,1,0.3,,65,0
AMD,AMD_2023_10K,2,BLANK_LABELS:6.4%; LONG_TITLES:67,484,51,hier,PASS,6.4,0,115,398,6,1.5,,64,0
AMD,AMD_2024_10K,2,BLANK_LABELS:7.7%; LONG_TITLES:69,464,46,hier,PASS,7.7,0,110,429,2,0.5,,15,0
AMD,AMD_2025_10K,2,BLANK_LABELS:5.6%; LONG_TITLES:72,478,47,hier,PASS,5.6,0,123,447,2,0.4,,55,0
Ametek,Ametek_2016_10K,2,BLANK_LABELS:5.7%; LONG_TITLES:12,376,57,hier,PASS,5.7,1,102,960,6,0.6,,0,0
Ametek,Ametek_2017_10K,2,BLANK_LABELS:7.0%; LONG_TITLES:12,383,55,hier,PASS,7.0,3,101,950,5,0.5,,0,0
Ametek,Ametek_2018_10K,2,BLANK_LABELS:5.4%; LONG_TITLES:15,408,58,hier,PASS,5.4,2,110,1025,1,0.1,,0,0
Ametek,Ametek_2019_10K,2,BLANK_LABELS:6.0%; LONG_TITLES:15,353,60,hier,PASS,6.0,1,92,1050,2,0.2,,0,0
Ametek,Ametek_2023_10K,2,BLANK_LABELS:5.1%; LONG_TITLES:19,346,54,hier,PASS,5.1,2,99,973,14,1.4,p43:14,0,0
Apple,Apple_2016_10K,2,BLANK_LABELS:6.5%; LONG_TITLES:23,386,61,hier,PASS,6.5,0,84,894,4,0.4,,0,0
Apple,Apple_2017_10K,2,BLANK_LABELS:12.0%; LONG_TITLES:23,391,61,hier,PASS,12.0,0,82,914,17,1.9,p62:10,0,0
Apple,Apple_2018_10K,2,BLANK_LABELS:10.9%; LONG_TITLES:32,372,55,hier,PASS,10.9,0,77,837,7,0.8,p69:6,0,0
Apple,Apple_2019_10K,2,BLANK_LABELS:12.3%; LONG_TITLES:32,326,50,hier,PASS,12.3,0,73,803,5,0.6,p27:5,0,0
Apple,Apple_2020_10K,2,BLANK_LABELS:11.7%; LONG_TITLES:43,336,53,hier,PASS,11.7,0,75,829,6,0.7,p31:6,0,0
Apple,Apple_2021_10K,2,BLANK_LABELS:10.7%; LONG_TITLES:44,302,44,hier,PASS,10.7,0,67,696,0,0.0,,0,0
Apple,Apple_2022_10K,2,BLANK_LABELS:9.8%; LONG_TITLES:50,289,43,hier,PASS,9.8,0,62,698,6,0.9,p48:6,16,0
Apple,Apple_2023_10K,2,BLANK_LABELS:11.9%; LONG_TITLES:47,273,47,hier,PASS,11.9,0,63,716,0,0.0,,9,0
Apple,Apple_2024_10K,2,BLANK_LABELS:11.8%; LONG_TITLES:47,273,44,hier,PASS,11.8,0,64,684,8,1.2,p49:8,6,0
Apple,Apple_2025_10K,2,BLANK_LABELS:14.8%; LONG_TITLES:55,272,40,hier,PASS,14.8,0,65,702,0,0.0,,3,0
Block,Block_2018_10K,2,BLANK_LABELS:7.2%; LONG_TITLES:95,585,76,hier,PASS,7.2,0,141,1470,1,0.1,,132,0
Block,Block_2019_10K,2,BLANK_LABELS:11.1%; LONG_TITLES:89,566,72,hier,PASS,11.1,0,168,1534,0,0.0,,89,6
Block,Block_2020_10K,2,BLANK_LABELS:11.5%; LONG_TITLES:90,675,81,hier,PASS,11.5,0,161,1726,23,1.3,p71:6 p66:5 p68:5,147,0
Block,Block_2021_10K,2,BLANK_LABELS:7.2%; LONG_TITLES:86,720,73,hier,PASS,7.2,0,149,1329,25,1.9,p62:6 p65:6 p61:5,168,1
Block,Block_2022_10K,2,BLANK_LABELS:6.5%; LONG_TITLES:82,751,73,hier,PASS,6.5,0,167,1402,27,1.9,p72:7 p71:6 p74:6 p70:5,184,0
Block,Block_2023_10K,2,BLANK_LABELS:13.1%; LONG_TITLES:86,709,73,hier,PASS,13.1,0,174,1384,28,2.0,p83:6 p84:6 p82:5 p85:5,176,0
Block,Block_2024_10K,2,BLANK_LABELS:7.3%; LONG_TITLES:80,718,76,hier,PASS,7.3,1,173,1365,27,2.0,p83:12 p86:6 p82:5,163,0
Block,Block_2025_10K,2,BLANK_LABELS:12.5%; LONG_TITLES:78,744,81,hier,PASS,12.5,1,172,1355,29,2.1,p81:8 p83:6 p85:6 p84:5,161,0
Boeing,Boeing_2016_10K,2,BALANCE_NOT_FOUND; LONG_TITLES:14,496,108,hier,NOT_FOUND,2.2,0,123,1226,9,0.7,p71:5,20,0
Boeing,Boeing_2017_10K,2,BALANCE_NOT_FOUND; LONG_TITLES:13,479,108,hier,NOT_FOUND,1.7,1,121,1125,9,0.8,p68:6,19,0
Boeing,Boeing_2019_10K,2,BALANCE_NOT_FOUND; LONG_TITLES:12,535,114,hier,NOT_FOUND,2.3,0,137,1139,14,1.2,p74:8,37,0
Boeing,Boeing_2021_10K,2,BALANCE_NOT_FOUND; LONG_TITLES:18,559,105,hier,NOT_FOUND,2.8,0,164,1091,15,1.4,p87:10,47,0
Boeing,Boeing_2022_10K,2,BALANCE_NOT_FOUND; LONG_TITLES:15,523,104,hier,NOT_FOUND,3.6,0,150,1074,16,1.5,p79:9,41,0
Boeing,Boeing_2023_10K,2,BALANCE_NOT_FOUND; LONG_TITLES:21,514,99,hier,NOT_FOUND,2.4,0,147,1050,15,1.4,p79:9,33,0
Boeing,Boeing_2025_10K,2,BALANCE_NOT_FOUND; LONG_TITLES:25,546,101,hier,NOT_FOUND,2.9,0,156,1120,10,0.9,p80:9,43,0
Caterpillar,Caterpillar_2016_10K,2,BLANK_LABELS:6.1%; LONG_TITLES:17,656,138,hier,PASS,6.1,3,192,1635,48,2.9,p35:14 p161:12 p50:11,143,0
Caterpillar,Caterpillar_2017_10K,2,BLANK_LABELS:5.5%; LONG_TITLES:16,644,134,hier,PASS,5.5,2,190,1559,47,3.0,p53:12 p159:12 p38:10 p46:6,140,1
Chipotle Mexican Grill,Chipotle Mexican Grill (CMG)_2016_10K,2,BLANK_LABELS:14.8%; LONG_TITLES:20,327,48,hier,PASS,14.8,0,78,632,3,0.5,,0,0
Chipotle Mexican Grill,Chipotle Mexican Grill (CMG)_2017_10K,2,BLANK_LABELS:26.0%; LONG_TITLES:25,337,49,hier,PASS,26.0,1,116,635,12,1.9,p93:6 p76:5,0,0
Chipotle Mexican Grill,Chipotle Mexican Grill (CMG)_2018_10K,2,BLANK_LABELS:21.4%; LONG_TITLES:31,354,49,hier,PASS,21.4,0,85,650,16,2.5,p69:9 p65:7,14,0
Chipotle Mexican Grill,Chipotle Mexican Grill (CMG)_2019_10K,2,BLANK_LABELS:16.4%; LONG_TITLES:32,300,53,hier,PASS,16.4,0,62,710,10,1.4,p42:5 p45:5,0,0
Chipotle Mexican Grill,Chipotle Mexican Grill (CMG)_2021_10K,2,BLANK_LABELS:8.4%; LONG_TITLES:35,284,47,hier,PASS,8.4,0,61,589,0,0.0,,0,0
Chipotle Mexican Grill,Chipotle Mexican Grill (CMG)_2022_10K,2,BLANK_LABELS:8.0%; LONG_TITLES:33,290,46,hier,PASS,8.0,0,63,629,0,0.0,,0,0
Chipotle Mexican Grill,Chipotle Mexican Grill (CMG)_2024_10K,2,BLANK_LABELS:6.6%; LONG_TITLES:36,326,49,hier,PASS,6.6,0,74,765,7,0.9,p58:5,62,1
Chipotle Mexican Grill,Chipotle Mexican Grill (CMG)_2025_10K,2,BLANK_LABELS:12.9%; LONG_TITLES:38,319,52,hier,PASS,12.9,0,72,759,3,0.4,,73,1
Dell,Dell_2017_10K,2,BLANK_LABELS:5.2%; LONG_TITLES:69,752,93,hier,PASS,5.2,2,202,930,22,2.4,p111:5,101,0
Dell,Dell_2019_10K,2,BLANK_LABELS:6.4%; LONG_TITLES:57,791,100,hier,PASS,6.4,0,194,1190,13,1.1,,104,0
Dell,Dell_2020_10K,2,BLANK_LABELS:7.6%; LONG_TITLES:52,807,98,hier,PASS,7.6,0,198,1085,20,1.8,p72:7,101,0
Dell,Dell_2021_10K,2,BLANK_LABELS:9.1%; LONG_TITLES:29,730,84,hier,PASS,9.1,0,182,1019,23,2.3,p61:7,78,0
Dell,Dell_2025_10K,2,BLANK_LABELS:13.0%; LONG_TITLES:54,677,81,hier,PASS,13.0,1,186,936,22,2.4,p121:6,57,0
Dell,Dell_2026_10K,2,BLANK_LABELS:9.1%; LONG_TITLES:61,638,75,hier,PASS,9.1,0,168,772,21,2.7,p104:6,49,0
Ebay,Ebay_2025_10k,2,BLANK_LABELS:10.3%; LONG_TITLES:34,515,73,hier,PASS,10.3,0,149,360,5,1.4,p63:5,133,11
Franklin Electric,Franklin Electric_2020_10k,2,BALANCE_NOT_FOUND; BLANK_LABELS:14.7%,286,55,hier,NOT_FOUND,14.7,0,86,323,4,1.2,,25,0
Google,Google_2018_10K,2,BLANK_LABELS:13.9%; LONG_TITLES:24,431,66,hier,PASS,13.9,5,120,815,15,1.8,p105:10,150,6
Google,Google_2020_10K,2,BLANK_LABELS:8.4%; LONG_TITLES:52,454,67,hier,PASS,8.4,4,127,894,11,1.2,p111:6,155,7
Graco,Graco Inc._2017_10K,2,BLANK_LABELS:7.0%; LONG_TITLES:12,286,70,hier,PASS,7.0,1,77,879,5,0.6,,4,0
Graco,Graco Inc._2018_10K,2,BLANK_LABELS:9.6%; LONG_TITLES:12,282,68,hier,PASS,9.6,1,72,825,5,0.6,,4,0
Graco,Graco Inc._2019_10K,2,BLANK_LABELS:9.3%; LONG_TITLES:12,285,69,hier,PASS,9.3,1,69,807,2,0.2,,9,0
Home Depot,Home Depot_2021_10K,2,BLANK_LABELS:9.2%; LONG_TITLES:49,383,57,hier,PASS,9.2,0,102,613,5,0.8,,63,2
Home Depot,Home Depot_2022_10K,2,BLANK_LABELS:8.7%; LONG_TITLES:54,374,58,hier,PASS,8.7,0,95,541,6,1.1,p72:6,49,2
Home Depot,Home Depot_2023_10K,2,BLANK_LABELS:5.7%; LONG_TITLES:46,375,56,hier,PASS,5.7,1,93,538,5,0.9,,50,2
Home Depot,Home Depot_2025_10K,2,BLANK_LABELS:11.1%; LONG_TITLES:61,408,59,hier,PASS,11.1,0,96,574,8,1.4,p70:6,33,0
Intel,Intel_2016_10K,2,BALANCE_NOT_FOUND; BLANK_LABELS:17.5%,518,87,hier,NOT_FOUND,17.5,3,137,853,2,0.2,,129,5
Intel,Intel_2018_10K,2,BALANCE_NOT_FOUND; BLANK_LABELS:20.5%,514,80,hier,NOT_FOUND,20.5,2,121,899,15,1.7,p44:5,114,1
Intel,Intel_2019_10K,2,BALANCE_NOT_FOUND; BLANK_LABELS:18.7%,520,71,hier,NOT_FOUND,18.7,3,121,818,16,2.0,p95:7 p45:5,114,8
Intuit,Intuit_2019_10K,2,BLANK_LABELS:5.9%; LONG_TITLES:38,465,60,hier,PASS,5.9,3,125,324,1,0.3,,77,3
Intuit,Intuit_2021_10K,2,BLANK_LABELS:10.8%; LONG_TITLES:44,513,66,hier,PASS,10.8,4,133,368,3,0.8,,100,5
Intuit,Intuit_2022_10K,2,BLANK_LABELS:13.4%; LONG_TITLES:44,510,66,hier,PASS,13.4,4,130,423,4,0.9,,105,1
Intuit,Intuit_2023_10K,2,BLANK_LABELS:10.5%; LONG_TITLES:46,509,64,hier,PASS,10.5,4,132,437,2,0.5,,99,9
Intuit,Intuit_2024_10K,2,BLANK_LABELS:7.4%; LONG_TITLES:49,533,65,hier,PASS,7.4,4,138,458,1,0.2,,107,4
Intuit,Intuit_2026_10K,2,BLANK_LABELS:5.5%; LONG_TITLES:50,524,68,hier,PASS,5.5,4,131,544,2,0.4,,94,0
KENNAMETAL,KENNAMETAL_2017_10K,2,BALANCE_NOT_FOUND; LONG_TITLES:11,361,60,hier,NOT_FOUND,2.9,1,93,1164,25,2.1,p70:16 p76:6,7,0
META,META_2017_10K,2,BLANK_LABELS:16.5%; LONG_TITLES:72,416,56,hier,PASS,16.5,1,111,571,0,0.0,,149,0
META,META_2018_10K,2,BLANK_LABELS:10.6%; LONG_TITLES:76,427,55,hier,PASS,10.6,1,111,608,2,0.3,,156,0
META,META_2019_10K,2,BLANK_LABELS:12.5%; LONG_TITLES:89,479,54,hier,PASS,12.5,1,115,646,0,0.0,,164,1
META,META_2020_10K,2,BLANK_LABELS:9.6%; LONG_TITLES:121,552,54,hier,PASS,9.6,0,145,686,0,0.0,,197,1
META,META_2021_10K,2,BLANK_LABELS:11.2%; LONG_TITLES:126,558,51,hier,PASS,11.2,1,151,579,8,1.4,p133:8,191,0
META,META_2022_10K,2,BLANK_LABELS:10.2%; LONG_TITLES:126,607,56,hier,PASS,10.2,1,157,609,3,0.5,,199,0
META,META_2023_10K,2,BLANK_LABELS:11.3%; LONG_TITLES:135,640,61,hier,PASS,11.3,1,166,612,4,0.7,,185,0
META,META_2024_10K,2,BLANK_LABELS:9.2%; LONG_TITLES:139,641,51,hier,PASS,9.2,1,158,624,7,1.1,,182,0
META,META_2025_10K,2,BLANK_LABELS:9.7%; LONG_TITLES:143,651,54,hier,PASS,9.7,1,164,686,2,0.3,,180,0
Microsoft,MSFT_2018_10K,2,BALANCE_NOT_FOUND; BLANK_LABELS:7.7%,469,73,hier,NOT_FOUND,7.7,4,107,934,16,1.7,p78:9,119,5
Microsoft,MSFT_2019_10K,2,BALANCE_NOT_FOUND; BLANK_LABELS:6.8%,450,74,hier,NOT_FOUND,6.8,4,106,891,21,2.4,p75:14,135,5
Netflix,Netflix_2018_10K,2,BLANK_LABELS:12.1%; LONG_TITLES:36,302,56,hier,PASS,12.1,0,87,1322,39,3.0,p24:12 p23:8 p25:8,42,0
Netflix,Netflix_2020_10K,2,BLANK_LABELS:10.4%; LONG_TITLES:44,301,54,hier,PASS,10.4,0,86,853,24,2.8,p32:7 p39:6,41,0
Nike,Nike_2019_10K,2,BLANK_LABELS:12.6%; LONG_TITLES:17,451,61,hier,PASS,12.6,2,104,710,21,3.0,p29:8 p43:7,0,0
Nike,Nike_2020_10K,2,BLANK_LABELS:13.6%; LONG_TITLES:22,501,66,hier,PASS,13.6,2,130,765,17,2.2,p58:7 p40:6,13,0
Nike,Nike_2021_10K,2,BLANK_LABELS:14.2%; LONG_TITLES:23,498,63,hier,PASS,14.2,0,110,721,8,1.1,p52:6,6,0
Nike,Nike_2022_10K,2,BLANK_LABELS:14.1%; LONG_TITLES:29,495,60,hier,PASS,14.1,1,107,699,4,0.6,,8,0
Nike,Nike_2023_10K,2,BLANK_LABELS:14.3%; LONG_TITLES:33,466,60,hier,PASS,14.3,0,105,708,4,0.6,,5,0
Nike,Nike_2024_10K,2,BLANK_LABELS:15.5%; LONG_TITLES:45,478,60,hier,PASS,15.5,0,108,701,4,0.6,,5,0
Nike,Nike_2025_10K,2,BLANK_LABELS:15.7%; LONG_TITLES:46,462,61,hier,PASS,15.7,0,103,837,6,0.7,,5,0
Nike,Nike_2026_10K,2,BLANK_LABELS:19.8%; LONG_TITLES:45,457,59,hier,PASS,19.8,0,109,788,11,1.4,p39:7,5,0
NORDSON,NORDSON_2016_10K,2,BALANCE_NOT_FOUND; BLANK_LABELS:12.6%,334,68,hier,NOT_FOUND,12.6,0,82,1557,7,0.4,p34:6,41,0
Nvidia,Nvidia_2020_10K,2,BLANK_LABELS:7.9%; LONG_TITLES:29,347,53,hier,PASS,7.9,0,120,307,8,2.6,p40:5,0,0
Nvidia,Nvidia_2024_10K,2,BLANK_LABELS:8.9%; LONG_TITLES:73,419,44,hier,PASS,8.9,0,90,494,10,2.0,,99,0
Nvidia,Nvidia_2026_10K,2,BLANK_LABELS:6.8%; LONG_TITLES:93,415,44,hier,PASS,6.8,0,87,566,17,3.0,,106,0
Palo Alto Networks,Palo Alto Networks (PANW)_2016_10K,2,BLANK_LABELS:12.7%; LONG_TITLES:80,437,59,hier,PASS,12.7,0,90,66,0,0.0,,146,2
Palo Alto Networks,Palo Alto Networks (PANW)_2017_10K,2,BLANK_LABELS:9.7%; LONG_TITLES:92,480,67,hier,PASS,9.7,0,97,103,1,1.0,,149,0
Palo Alto Networks,Palo Alto Networks (PANW)_2018_10K,2,BLANK_LABELS:6.6%; LONG_TITLES:90,509,69,hier,PASS,6.6,0,98,181,3,1.7,,169,0
Palo Alto Networks,Palo Alto Networks (PANW)_2019_10K,2,BLANK_LABELS:10.3%; LONG_TITLES:91,544,77,hier,PASS,10.3,0,109,238,2,0.8,,161,0
Palo Alto Networks,Palo Alto Networks (PANW)_2020_10K,2,BLANK_LABELS:7.6%; LONG_TITLES:97,581,80,hier,PASS,7.6,0,145,265,3,1.1,,164,1
Palo Alto Networks,Palo Alto Networks (PANW)_2022_10K,2,BLANK_LABELS:8.9%; LONG_TITLES:92,566,70,hier,PASS,8.9,0,110,275,8,2.9,,210,5
Parker Hannifin,Parker Hannifin_2019_10K,2,BLANK_LABELS:5.2%; LONG_TITLES:24,332,69,hier,PASS,5.2,0,88,1129,0,0.0,,78,0
Parker Hannifin,Parker Hannifin_2020_10K,2,BLANK_LABELS:5.1%; LONG_TITLES:24,327,72,hier,PASS,5.1,0,89,1165,4,0.3,,73,0
Parker Hannifin,Parker Hannifin_2023_10K,2,BLANK_LABELS:5.5%; LONG_TITLES:27,387,73,hier,PASS,5.5,1,85,1105,4,0.4,,188,13
Rockwell Auomation,Rockwell Automation_2022_10K,2,BALANCE_NOT_FOUND; BLANK_LABELS:6.0%,422,83,hier,NOT_FOUND,6.0,0,115,364,4,1.1,,82,0
Rockwell Auomation,Rockwell Automation_2023_10K,2,BALANCE_NOT_FOUND; BLANK_LABELS:7.4%,401,79,hier,NOT_FOUND,7.4,0,107,357,4,1.1,,83,0
Rockwell Auomation,Rockwell Automation_2024_10K,2,BALANCE_NOT_FOUND; BLANK_LABELS:7.4%,405,80,hier,NOT_FOUND,7.4,0,115,327,3,0.9,,80,0
Rockwell Auomation,Rockwell Automation_2025_10K,2,BALANCE_NOT_FOUND; BLANK_LABELS:7.4%,435,84,hier,NOT_FOUND,7.4,0,124,337,4,1.2,,87,0
Roper Technologies,Roper Technologies_2022_10K,2,BLANK_LABELS:5.4%; LONG_TITLES:16,334,47,hier,PASS,5.4,1,98,327,2,0.6,,59,0
Roper Technologies,Roper Technologies_2024_10K,2,BLANK_LABELS:6.7%; LONG_TITLES:18,337,47,hier,PASS,6.7,1,101,338,4,1.2,,58,0
SalesForce,Salesforce_2017_10K,2,BLANK_LABELS:16.9%; LONG_TITLES:43,560,89,hier,PASS,16.9,3,118,1402,28,2.0,p46:7 p49:7 p48:6,165,0
SalesForce,Salesforce_2021_10K,2,BLANK_LABELS:19.4%; LONG_TITLES:56,551,59,hier,PASS,19.4,3,118,424,8,1.9,,222,2
SalesForce,Salesforce_2022_10K,2,BLANK_LABELS:17.9%; LONG_TITLES:62,528,61,hier,PASS,17.9,3,112,498,10,2.0,,223,1
SalesForce,Salesforce_2023_10K,2,BLANK_LABELS:13.2%; LONG_TITLES:64,509,58,hier,PASS,13.2,3,108,500,7,1.4,,216,1
SalesForce,Salesforce_2024_10K,2,BLANK_LABELS:9.0%; LONG_TITLES:60,501,57,hier,PASS,9.0,4,104,479,3,0.6,,216,7
SalesForce,Salesforce_2025_10K,2,BLANK_LABELS:12.1%; LONG_TITLES:56,503,57,hier,PASS,12.1,4,105,503,9,1.8,,187,7
ServiceNow,ServiceNow_2016_10K,2,BLANK_LABELS:15.4%; LONG_TITLES:41,417,60,hier,PASS,15.4,0,96,1156,20,1.7,p76:10,82,0
ServiceNow,ServiceNow_2017_10K,2,BLANK_LABELS:9.5%; LONG_TITLES:46,440,65,hier,PASS,9.5,0,102,1289,27,2.1,p80:11,81,3
ServiceNow,ServiceNow_2019_10K,2,BLANK_LABELS:10.6%; LONG_TITLES:53,445,56,hier,PASS,10.6,0,98,813,22,2.7,p45:17 p44:5,105,5
ServiceNow,ServiceNow_2020_10K,2,BLANK_LABELS:12.0%; LONG_TITLES:58,459,56,hier,PASS,12.0,0,111,798,24,3.0,p59:15,104,6
ServiceNow,ServiceNow_2021_10K,2,BLANK_LABELS:13.2%; LONG_TITLES:66,441,45,hier,PASS,13.2,0,117,217,3,1.4,,152,15
ServiceNow,ServiceNow_2024_10K,2,BLANK_LABELS:12.5%; LONG_TITLES:37,423,40,hier,PASS,12.5,0,100,288,3,1.0,,125,10
Southwest,Southwest_2019_10K,2,BLANK_LABELS:16.7%; LONG_TITLES:44,570,72,hier,PASS,16.7,0,147,428,0,0.0,,55,0
Starbucks,Starbucks_2016_10K,2,BLANK_LABELS:11.3%; LONG_TITLES:29,406,73,hier,PASS,11.3,0,105,595,0,0.0,,20,1
Starbucks,Starbucks_2019_10K,2,BLANK_LABELS:15.4%; LONG_TITLES:29,416,70,hier,PASS,15.4,1,112,668,8,1.2,p81:6,12,1
Starbucks,Starbucks_2020_10K,2,BLANK_LABELS:18.4%; LONG_TITLES:24,466,68,hier,PASS,18.4,1,129,679,16,2.4,p110:6,5,0
Starbucks,Starbucks_2023_10K,2,BLANK_LABELS:21.3%; LONG_TITLES:45,419,58,hier,PASS,21.3,0,116,516,11,2.1,p89:6,11,0
Starbucks,Starbucks_2024_10K,2,BLANK_LABELS:22.6%; LONG_TITLES:63,456,54,hier,PASS,22.6,0,122,518,15,2.9,p95:8,95,0
Walmart,Walmart (WMT)_2025_10K,2,BLANK_LABELS:7.5%; LONG_TITLES:74,458,61,hier,PASS,7.5,5,103,890,3,0.3,,47,4
WATTS WATER TECHNOLOGIES,WATTS WATER TECHNOLOGIES_2016_10K,2,BLANK_LABELS:19.1%; LONG_TITLES:16,425,61,hier,PASS,19.1,0,134,109,0,0.0,,0,0
WATTS WATER TECHNOLOGIES,WATTS WATER TECHNOLOGIES_2017_10K,2,BLANK_LABELS:18.7%; LONG_TITLES:15,424,61,hier,PASS,18.7,0,157,100,2,2.0,,0,0
WATTS WATER TECHNOLOGIES,WATTS WATER TECHNOLOGIES_2021_10K,2,BLANK_LABELS:13.9%; LONG_TITLES:18,414,57,hier,PASS,13.9,0,159,99,2,2.0,,50,1
WATTS WATER TECHNOLOGIES,WATTS WATER TECHNOLOGIES_2022_10K,2,BLANK_LABELS:14.7%; LONG_TITLES:17,401,53,hier,PASS,14.7,0,152,104,0,0.0,,49,1
WATTS WATER TECHNOLOGIES,WATTS WATER TECHNOLOGIES_2023_10K,2,BLANK_LABELS:17.8%; LONG_TITLES:18,448,57,hier,PASS,17.8,0,162,107,0,0.0,,67,1
WATTS WATER TECHNOLOGIES,WATTS WATER TECHNOLOGIES_2024_10K,2,BLANK_LABELS:23.0%; LONG_TITLES:35,458,57,hier,PASS,23.0,0,164,119,0,0.0,,63,1
WATTS WATER TECHNOLOGIES,WATTS WATER TECHNOLOGIES_2025_10K,2,BLANK_LABELS:23.6%; LONG_TITLES:36,473,56,hier,PASS,23.6,0,176,123,2,1.6,,65,1
Woodward Inc,"Woodward, Inc._2016_10K",2,BLANK_LABELS:15.9%; LONG_TITLES:39,555,103,hier,PASS,15.9,0,112,1819,17,0.9,p102:11,0,0
Woodward Inc,"Woodward, Inc._2020_10K",2,BLANK_LABELS:10.3%; LONG_TITLES:65,734,119,hier,PASS,10.3,0,142,2132,60,2.8,p89:24 p53:8 p86:8 p111:6 p127:5,192,10
Woodward Inc,"Woodward, Inc._2025_10K",2,BLANK_LABELS:8.1%; LONG_TITLES:41,517,104,hier,PASS,8.1,0,146,1636,32,2.0,p136:9 p127:5 p130:5,101,0
Workday,Workday (WDAY)_2016_10K,2,BLANK_LABELS:7.2%; LONG_TITLES:60,386,55,hier,PASS,7.2,0,86,879,12,1.4,p75:12,104,0
Workday,Workday (WDAY)_2020_10K,2,BLANK_LABELS:7.5%; LONG_TITLES:106,502,64,hier,PASS,7.5,0,107,989,24,2.4,p41:14 p42:10,146,0
Workday,Workday (WDAY)_2021_10K,2,BLANK_LABELS:6.3%; LONG_TITLES:104,493,65,hier,PASS,6.3,0,101,863,9,1.0,p41:9,141,0
Workday,Workday (WDAY)_2023_10K,2,BLANK_LABELS:6.1%; LONG_TITLES:77,465,64,hier,PASS,6.1,0,97,301,0,0.0,,118,0
Xylem Inc,Xylem Inc._2016_10K,2,BLANK_LABELS:9.8%; LONG_TITLES:11,488,83,hier,PASS,9.8,1,149,230,1,0.4,,93,5
Xylem Inc,Xylem Inc._2017_10K,2,BLANK_LABELS:10.5%; LONG_TITLES:14,516,86,hier,PASS,10.5,2,157,246,2,0.8,,91,4
Xylem Inc,Xylem Inc._2018_10K,2,BLANK_LABELS:12.7%; LONG_TITLES:15,548,94,hier,PASS,12.7,0,158,277,3,1.1,,97,5
Xylem Inc,Xylem Inc._2019_10K,2,BLANK_LABELS:11.0%; LONG_TITLES:21,515,91,hier,PASS,11.0,1,150,254,2,0.8,,97,6
Xylem Inc,Xylem Inc._2020_10K,2,BLANK_LABELS:12.2%; LONG_TITLES:33,523,86,hier,PASS,12.2,2,150,270,0,0.0,,97,0
Xylem Inc,Xylem Inc._2021_10K,2,BLANK_LABELS:15.0%; LONG_TITLES:45,524,81,hier,PASS,15.0,1,142,256,2,0.8,,96,0
Xylem Inc,Xylem Inc._2022_10K,2,BLANK_LABELS:12.7%; LONG_TITLES:48,513,81,hier,PASS,12.7,1,145,239,0,0.0,,73,0
Xylem Inc,Xylem Inc._2023_10K,2,BLANK_LABELS:13.5%; LONG_TITLES:63,571,86,hier,PASS,13.5,0,160,287,3,1.0,,73,0
Xylem Inc,Xylem Inc._2024_10K,2,BLANK_LABELS:15.0%; LONG_TITLES:50,596,99,hier,PASS,15.0,0,172,380,5,1.3,,63,0
Xylem Inc,Xylem Inc._2025_10K,2,BLANK_LABELS:12.7%; LONG_TITLES:37,531,87,hier,PASS,12.7,0,145,354,1,0.3,,57,0
Adobe,Adobe_2025_10K,1,LONG_TITLES:64,472,54,hier,PASS,3.8,0,113,398,5,1.3,p85:5,60,6
Ametek,Ametek_2020_10K,1,LONG_TITLES:20,351,58,hier,PASS,3.5,2,99,1017,19,1.9,p44:14 p58:5,0,0
Ametek,Ametek_2021_10K,1,LONG_TITLES:20,360,53,hier,PASS,3.7,3,103,982,20,2.0,p47:14,0,0
Ametek,Ametek_2022_10K,1,LONG_TITLES:20,347,55,hier,PASS,3.8,3,104,978,14,1.4,p48:14,0,0
Ametek,Ametek_2024_10K,1,LONG_TITLES:20,344,53,hier,PASS,2.8,3,98,995,29,2.9,p43:15 p75:11,0,0
Ametek,Ametek_2025_10K,1,LONG_TITLES:17,348,56,hier,PASS,3.1,3,99,1043,19,1.8,p45:16,2,0
Block,Block_2016_10K,1,LONG_TITLES:62,492,71,hier,PASS,2.0,0,119,1349,0,0.0,,46,0
Block,Block_2017_10K,1,LONG_TITLES:59,524,74,hier,PASS,2.5,0,126,1375,0,0.0,,47,0
Carlisle,Carlisle_2019_10K,1,BLANK_LABELS:6.7%,402,98,hier,PASS,6.7,0,113,171,3,1.8,,74,0
CHEVRON,CHEVRON_2019_10K,1,BLANK_LABELS:10.4%,505,122,hier,PASS,10.4,1,144,2460,51,2.1,p48:16 p8:12 p139:10 p115:6,0,0
Chipotle Mexican Grill,Chipotle Mexican Grill (CMG)_2020_10K,1,LONG_TITLES:46,307,49,hier,PASS,2.7,0,62,697,1,0.1,,0,0
Chipotle Mexican Grill,Chipotle Mexican Grill (CMG)_2023_10K,1,LONG_TITLES:47,304,40,hier,PASS,3.1,0,66,660,3,0.5,,0,0
Costco,Costco_2016_10K,1,LONG_TITLES:16,285,43,hier,PASS,1.7,0,74,576,3,0.5,,18,0
Costco,Costco_2017_10K,1,LONG_TITLES:16,278,42,hier,PASS,1.7,0,72,569,3,0.5,,16,0
Costco,Costco_2018_10K,1,LONG_TITLES:18,269,42,hier,PASS,0.8,1,71,549,3,0.5,,15,0
Costco,Costco_2019_10K,1,LONG_TITLES:18,277,43,hier,PASS,0.8,0,70,599,3,0.5,,22,1
Costco,Costco_2020_10K,1,LONG_TITLES:20,282,44,hier,PASS,3.5,0,76,625,5,0.8,,25,1
Costco,Costco_2021_10K,1,LONG_TITLES:22,275,41,hier,PASS,4.2,0,71,472,5,1.1,,23,1
Costco,Costco_2022_10K,1,LONG_TITLES:22,273,42,hier,PASS,4.6,0,69,471,9,1.9,,25,1
Costco,Costco_2023_10K,1,LONG_TITLES:21,267,43,hier,PASS,4.6,0,68,478,7,1.5,,24,1
Costco,Costco_2024_10K,1,LONG_TITLES:23,283,43,hier,PASS,4.8,0,70,482,5,1.0,,24,0
Costco,Costco_2025_10K,1,LONG_TITLES:22,277,42,hier,PASS,4.8,0,70,508,4,0.8,,20,0
Dell,Dell_2018_10K,1,LONG_TITLES:68,757,96,hier,PASS,4.3,1,185,1030,20,1.9,p40:5,107,5
Donaldson,Donaldson_2017_10K,1,BLANK_LABELS:6.3%,305,53,hier,PASS,6.3,0,78,135,0,0.0,,8,0
Donaldson,Donaldson_2018_10K,1,BLANK_LABELS:6.6%,294,54,hier,PASS,6.6,0,76,136,4,2.9,,7,0
Donaldson,Donaldson_2019_10K,1,BLANK_LABELS:5.1%,321,66,hier,PASS,5.1,0,77,131,0,0.0,,13,0
Ebay,Ebay_2016_10k,1,BLANK_LABELS:6.9%,471,68,hier,PASS,6.9,0,119,589,0,0.0,,75,0
Ebay,Ebay_2017_10k,1,BLANK_LABELS:7.3%,461,67,hier,PASS,7.3,0,121,601,0,0.0,,75,0
Ebay,Ebay_2018_10k,1,BLANK_LABELS:7.0%,486,67,hier,PASS,7.0,0,121,582,0,0.0,,77,0
Ebay,Ebay_2019_10k,1,BLANK_LABELS:7.9%,485,67,hier,PASS,7.9,0,127,553,0,0.0,,69,0
Ebay,Ebay_2020_10k,1,BLANK_LABELS:5.2%,510,76,hier,PASS,5.2,0,139,489,1,0.2,,83,0
Ebay,Ebay_2021_10k,1,BLANK_LABELS:7.2%,531,75,hier,PASS,7.2,0,149,429,6,1.4,p56:6,87,0
Ebay,Ebay_2022_10k,1,BLANK_LABELS:7.3%,539,74,hier,PASS,7.3,0,156,412,4,1.0,,89,0
Ebay,Ebay_2023_10k,1,BLANK_LABELS:7.7%,548,79,hier,PASS,7.7,0,157,388,4,1.0,,108,5
Ebay,Ebay_2024_10k,1,BLANK_LABELS:7.2%,547,70,hier,PASS,7.2,0,152,368,5,1.4,p66:5,112,5
Franklin Electric,Franklin Electric_2021_10k,1,BLANK_LABELS:14.6%,285,54,hier,PASS,14.6,0,81,323,5,1.5,,29,0
Franklin Electric,Franklin Electric_2022_10k,1,BLANK_LABELS:16.1%,290,55,hier,PASS,16.1,0,76,338,5,1.5,,30,0
Franklin Electric,Franklin Electric_2023_10k,1,BLANK_LABELS:15.7%,297,56,hier,PASS,15.7,0,81,349,3,0.9,,26,0
Franklin Electric,Franklin Electric_2024_10k,1,BLANK_LABELS:16.8%,299,56,hier,PASS,16.8,0,81,364,0,0.0,,25,0
Franklin Electric,Franklin Electric_2025_10k,1,BLANK_LABELS:18.1%,316,60,hier,PASS,18.1,0,79,375,0,0.0,,22,0
Google,Google_2021_10K,1,LONG_TITLES:54,445,65,hier,PASS,2.2,4,95,757,16,2.1,p33:7 p71:5,151,9
Google,Google_2024_10K,1,LONG_TITLES:46,472,62,hier,PASS,1.8,4,141,854,21,2.5,p63:7 p60:5,153,7
Graco,Graco Inc._2016_10K,1,BLANK_LABELS:8.2%,287,71,hier,PASS,8.2,2,75,884,14,1.6,p46:9,4,0
Graco,Graco Inc._2020_10K,1,LONG_TITLES:14,304,65,hier,PASS,3.2,1,91,797,10,1.3,p59:7,7,0
Graco,Graco Inc._2021_10K,1,LONG_TITLES:14,290,64,hier,PASS,3.2,1,84,764,11,1.4,p55:10,6,0
Graco,Graco Inc._2022_10K,1,LONG_TITLES:20,293,63,hier,PASS,3.2,1,85,772,18,2.3,p56:10 p76:6,6,0
Graco,Graco Inc._2023_10K,1,LONG_TITLES:32,302,63,hier,PASS,3.1,1,85,777,17,2.2,p57:10,6,0
Graco,Graco Inc._2024_10K,1,LONG_TITLES:31,311,66,hier,PASS,3.0,1,88,845,13,1.5,p57:9,9,0
Graco,Graco Inc._2025_10K,1,LONG_TITLES:31,307,70,hier,PASS,4.0,0,89,889,16,1.8,p57:7 p78:7,6,0
Home Depot,Home Depot_2024_10K,1,LONG_TITLES:51,382,54,hier,PASS,4.0,1,94,523,6,1.1,p72:5,26,0
Home Depot,Home Depot_2026_10K,1,LONG_TITLES:67,420,57,hier,PASS,4.7,0,98,599,10,1.7,p71:7,25,0
Intel,Intel_2017_10K,1,BLANK_LABELS:12.2%,469,76,hier,PASS,12.2,2,121,851,17,2.0,p42:6,92,0
Intel,Intel_2023_10K,1,BLANK_LABELS:22.4%,539,65,hier,PASS,22.4,4,124,664,15,2.3,p49:6,175,6
Intel,Intel_2024_10K,1,BLANK_LABELS:21.7%,524,66,hier,PASS,21.7,4,134,818,14,1.7,,176,5
Intel,Intel_2025_10K,1,BLANK_LABELS:24.4%,582,59,hier,PASS,24.4,4,139,682,9,1.3,p104:6,210,9
Intuit,Intuit_2025_10K,1,LONG_TITLES:46,516,66,hier,PASS,5.0,4,137,505,2,0.4,,95,0
KImberly_Clark,KImberly_Clark_2017_10K,1,BLANK_LABELS:9.4%,259,50,hier,PASS,9.4,0,66,421,11,2.6,p22:7,68,1
Lockheed Martin,Lockheed Martin_2020_10K,1,LONG_TITLES:50,585,53,hier,PASS,2.8,1,153,893,11,1.2,p72:5,34,3
Lockheed Martin,Lockheed Martin_2021_10K,1,LONG_TITLES:51,578,54,hier,PASS,4.2,0,152,872,6,0.7,,33,3
Lockheed Martin,Lockheed Martin_2022_10K,1,LONG_TITLES:49,563,55,hier,PASS,1.5,0,154,879,6,0.7,,36,3
Lockheed Martin,Lockheed Martin_2023_10K,1,LONG_TITLES:40,533,51,hier,PASS,1.7,0,140,785,6,0.8,,37,2
Lockheed Martin,Lockheed Martin_2024_10K,1,LONG_TITLES:32,534,51,hier,PASS,1.6,0,138,789,7,0.9,,37,2
Lockheed Martin,Lockheed Martin_2025_10K,1,LONG_TITLES:39,526,57,hier,PASS,1.6,0,132,771,9,1.2,p99:7,37,2
Microsoft,MSFT_2020_10K,1,BLANK_LABELS:9.0%,443,65,hier,PASS,9.0,5,108,882,22,2.5,p77:15,137,5
Microsoft,MSFT_2021_10K,1,BLANK_LABELS:9.8%,456,66,hier,PASS,9.8,5,110,804,13,1.6,p79:13,130,5
Microsoft,MSFT_2022_10K,1,BLANK_LABELS:10.0%,461,66,hier,PASS,10.0,5,111,801,19,2.4,p80:15,146,5
Microsoft,MSFT_2023_10K,1,BLANK_LABELS:7.5%,444,65,hier,PASS,7.5,5,111,815,17,2.1,p82:10,126,0
Microsoft,MSFT_2024_10K,1,BLANK_LABELS:8.0%,465,68,hier,PASS,8.0,5,123,838,23,2.7,p86:17 p85:5,126,1
Microsoft,MSFT_2025_10K,1,BLANK_LABELS:9.6%,416,62,hier,PASS,9.6,4,102,860,17,2.0,p72:11 p73:6,113,1
Microsoft,MSFT_2026_10K,1,BLANK_LABELS:13.1%,420,64,hier,PASS,13.1,4,103,920,14,1.5,p72:10,115,0
Netflix,Netflix_2024_10K,1,LONG_TITLES:43,334,61,hier,PASS,5.0,0,73,900,24,2.7,p24:7 p23:6,48,0
Nvidia,Nvidia_2023_10K,1,LONG_TITLES:55,395,44,hier,PASS,3.8,0,88,397,6,1.5,,104,0
Parker Hannifin,Parker Hannifin_2017_10K,1,BLANK_LABELS:7.4%,321,68,hier,PASS,7.4,0,85,1158,7,0.6,,58,0
Parker Hannifin,Parker Hannifin_2018_10K,1,BLANK_LABELS:6.0%,320,67,hier,PASS,6.0,0,82,1105,1,0.1,,58,0
Parker Hannifin,Parker Hannifin_2022_10K,1,LONG_TITLES:28,365,73,hier,PASS,5.0,1,82,1034,2,0.2,,97,0
Parker Hannifin,Parker Hannifin_2024_10K,1,LONG_TITLES:25,372,77,hier,PASS,5.0,1,93,1146,4,0.3,,122,0
Parker Hannifin,Parker Hannifin_2025_10K,1,LONG_TITLES:25,360,73,hier,PASS,2.1,1,86,368,0,0.0,,118,0
Parker Hannifin,Parker Hannifin_2026_10K,1,LONG_TITLES:31,370,76,hier,PASS,2.0,2,103,373,1,0.3,,112,0
Paypal,PayPal _2016_10K,1,BLANK_LABELS:6.0%,564,69,hier,PASS,6.0,0,127,413,3,0.7,,137,5
Paypal,PayPal _2017_10K,1,BLANK_LABELS:5.7%,610,69,hier,PASS,5.7,0,137,457,0,0.0,,133,5
Paypal,PayPal _2018_10K,1,BLANK_LABELS:9.0%,621,68,hier,PASS,9.0,0,129,469,4,0.9,,167,9
Paypal,PayPal _2019_10K,1,BLANK_LABELS:8.5%,579,67,hier,PASS,8.5,0,134,497,3,0.6,,183,9
Pentair plc,Pentair plc_2018_10K,1,LONG_TITLES:22,443,74,hier,PASS,3.8,1,120,252,5,2.0,,143,3
Pentair plc,Pentair plc_2019_10K,1,LONG_TITLES:31,453,70,hier,PASS,4.4,1,124,238,2,0.8,,166,2
Pentair plc,Pentair plc_2020_10K,1,LONG_TITLES:33,462,67,hier,PASS,1.5,0,101,119,3,2.5,,162,2
Pentair plc,Pentair plc_2021_10K,1,LONG_TITLES:33,427,62,hier,PASS,1.8,0,98,122,1,0.8,,138,0
Pentair plc,Pentair plc_2022_10K,1,LONG_TITLES:30,436,65,hier,PASS,1.9,0,94,158,4,2.5,,132,0
Roper Technologies,Roper Technologies_2016_10K,1,BLANK_LABELS:14.5%,266,48,hier,PASS,14.5,0,67,1021,13,1.3,p28:7 p59:6,53,0
Roper Technologies,Roper Technologies_2017_10K,1,BLANK_LABELS:12.2%,264,45,hier,PASS,12.2,0,71,1014,29,2.9,p62:12 p27:7 p58:5 p63:5,58,0
Roper Technologies,Roper Technologies_2018_10K,1,BLANK_LABELS:8.6%,274,44,hier,PASS,8.6,0,72,219,5,2.3,,61,0
Roper Technologies,Roper Technologies_2023_10K,1,LONG_TITLES:18,318,47,hier,PASS,4.8,1,94,321,2,0.6,,59,0
Roper Technologies,Roper Technologies_2025_10K,1,LONG_TITLES:23,340,45,hier,PASS,3.7,0,94,327,4,1.2,,55,0
Union Pacific,Union_Pacific_2016_10k,1,BLANK_LABELS:29.4%,394,81,hier,PASS,29.4,1,119,719,16,2.2,p54:9 p35:7,0,0
Walmart,Walmart (WMT)_2020_10K,1,BLANK_LABELS:8.2%,442,71,hier,PASS,8.2,0,111,969,16,1.7,p99:11,93,0
Walmart,Walmart (WMT)_2023_10K,1,LONG_TITLES:64,453,62,hier,PASS,2.9,5,106,845,18,2.1,p97:15,53,4
Walmart,Walmart (WMT)_2024_10K,1,LONG_TITLES:68,469,61,hier,PASS,2.2,5,103,821,17,2.1,p92:14,51,4
WATTS WATER TECHNOLOGIES,WATTS WATER TECHNOLOGIES_2020_10K,1,BLANK_LABELS:16.5%,422,61,hier,PASS,16.5,0,148,107,2,1.9,,43,1
Workday,Workday (WDAY)_2022_10K,1,LONG_TITLES:94,470,60,hier,PASS,2.7,0,98,856,2,0.2,,146,0
Workday,Workday (WDAY)_2024_10K,1,LONG_TITLES:80,463,61,hier,PASS,2.9,0,96,317,0,0.0,,122,0
Workday,Workday (WDAY)_2025_10K,1,LONG_TITLES:89,497,67,hier,PASS,2.0,0,102,321,0,0.0,,124,1
3M,3M_2021_10K,0,,639,99,hier,PASS,1.9,2,182,852,25,2.9,p81:9 p169:9,122,0
3M,3M_2022_10K,0,,624,89,hier,PASS,4.0,1,181,784,17,2.2,p52:7 p110:5,98,1
3M,3M_2023_10K,0,,605,88,hier,PASS,4.4,0,148,746,16,2.1,p51:10 p88:5,101,0
3M,3M_2024_10K,0,,626,96,hier,PASS,2.4,0,159,801,4,0.5,,99,0
3M,3M_2025_10K,0,,572,93,hier,PASS,3.2,0,142,661,6,0.9,,62,0
Carlisle,Carlisle_2017_10K,0,,436,98,hier,PASS,4.2,1,112,193,3,1.6,,0,0
Carlisle,Carlisle_2018_10K,0,,424,106,hier,PASS,2.4,1,120,169,4,2.4,,65,0
Carlisle,Carlisle_2020_10K,0,,392,93,hier,PASS,2.5,0,103,124,0,0.0,,51,0
Carlisle,Carlisle_2021_10K,0,,395,93,hier,PASS,1.3,0,106,142,0,0.0,,45,0
Carlisle,Carlisle_2022_10K,0,,397,98,hier,PASS,1.2,0,101,165,3,1.8,,48,0
Carlisle,Carlisle_2023_10K,0,,387,98,hier,PASS,1.7,0,99,214,5,2.3,,30,0
Carlisle,Carlisle_2024_10K,0,,360,92,hier,PASS,3.9,0,92,216,2,0.9,,31,0
Carlisle,Carlisle_2025_10K,0,,303,75,hier,PASS,2.4,0,78,176,3,1.7,,25,0
CHEVRON,CHEVRON_2021_10K,0,,517,122,hier,PASS,3.2,0,120,2323,70,3.0,p105:26 p50:14 p11:13,4,0
CHEVRON,CHEVRON_2022_10K,0,,533,126,hier,PASS,3.7,0,119,2301,56,2.4,p102:23 p47:16,4,0
CHEVRON,CHEVRON_2023_10K,0,,558,124,hier,PASS,3.4,0,126,2320,49,2.1,p108:24 p51:13,4,0
CHEVRON,CHEVRON_2025_10K,0,,586,128,hier,PASS,4.5,0,127,2482,54,2.2,p111:23 p7:12 p50:11,4,0
Colgate_Palmolive,Colgate_Palmolive_2016_10K,0,,451,84,hier,PASS,4.3,0,118,612,12,2.0,,59,1
Colgate_Palmolive,Colgate_Palmolive_2017_10K,0,,459,80,hier,PASS,3.5,0,126,606,12,2.0,p48:5,65,1
Colgate_Palmolive,Colgate_Palmolive_2018_10K,0,,446,79,hier,PASS,3.0,0,123,574,12,2.1,p48:5,66,1
Colgate_Palmolive,Colgate_Palmolive_2019_10K,0,,457,86,hier,PASS,3.1,0,132,533,13,2.4,,71,1
Colgate_Palmolive,Colgate_Palmolive_2020_10K,0,,484,88,hier,PASS,4.5,0,138,524,14,2.7,p55:5 p100:5,68,0
Colgate_Palmolive,Colgate_Palmolive_2023_10K,0,,468,83,hier,PASS,4.4,0,133,410,12,2.9,p57:5,70,0
Colgate_Palmolive,Colgate_Palmolive_2024_10K,0,,456,81,hier,PASS,4.8,0,129,429,8,1.9,,69,0
Colgate_Palmolive,Colgate_Palmolive_2025_10K,0,,455,88,hier,PASS,5.0,0,131,438,11,2.5,p94:5,58,0
Donaldson,Donaldson_2021_10K,0,,315,59,hier,PASS,2.3,1,74,135,3,2.2,,13,0
Donaldson,Donaldson_2022_10K,0,,339,62,hier,PASS,4.0,0,72,132,0,0.0,,27,0
Donaldson,Donaldson_2023_10K,0,,364,63,hier,PASS,3.0,0,78,156,0,0.0,,28,0
Donaldson,Donaldson_2024_10K,0,,363,62,hier,PASS,3.2,1,80,165,2,1.2,,27,0
Donaldson,Donaldson_2025_10K,0,,369,65,hier,PASS,0.8,1,82,176,3,1.7,,27,0
Donaldson,Donaldson_2026_10K,0,,389,65,hier,PASS,0.9,1,89,167,0,0.0,,27,0
Emerson Electric,Emerson Electric_2016_10K,0,,311,60,hier,PASS,4.6,0,74,529,4,0.8,,4,0
Emerson Electric,Emerson Electric_2017_10K,0,,312,59,hier,PASS,3.0,0,72,541,4,0.7,,6,0
Emerson Electric,Emerson Electric_2018_10K,0,,313,59,hier,PASS,3.7,0,67,486,5,1.0,,6,0
Emerson Electric,Emerson Electric_2019_10K,0,,311,60,hier,PASS,1.7,0,71,505,4,0.8,,8,0
Emerson Electric,Emerson Electric_2020_10K,0,,353,61,hier,PASS,1.1,0,104,500,0,0.0,,8,0
Emerson Electric,Emerson Electric_2021_10K,0,,343,60,hier,PASS,1.5,0,100,466,0,0.0,,16,0
Emerson Electric,Emerson Electric_2022_10K,0,,391,69,hier,PASS,1.8,0,115,515,0,0.0,,28,0
Emerson Electric,Emerson Electric_2023_10K,0,,386,73,hier,PASS,1.4,0,115,638,13,2.0,p96:11,25,0
Emerson Electric,Emerson Electric_2024_10K,0,,404,75,hier,PASS,2.6,0,118,672,1,0.1,,22,0
Emerson Electric,Emerson Electric_2025_10K,0,,373,73,hier,PASS,2.2,0,112,699,1,0.1,,13,0
Nike,Nike_2017_10K,0,,463,61,hier,PASS,3.0,1,96,677,15,2.2,p44:8,46,0
Nike,Nike_2018_10K,0,,450,55,hier,PASS,3.6,3,90,674,17,2.5,p40:9,36,0
Roper Technologies,Roper Technologies_2019_10K,0,,292,44,hier,PASS,4.6,0,74,251,7,2.8,p61:5,58,0
Union Pacific,Union_Pacific_2017_10k,0,,400,82,hier,PASS,2.0,2,90,721,4,0.6,,0,0
Union Pacific,Union_Pacific_2019_10k,0,,389,79,hier,PASS,2.8,1,93,719,11,1.5,p37:7,0,0
Union Pacific,Union_Pacific_2020_10k,0,,400,81,hier,PASS,0.9,1,96,788,21,2.7,p26:13 p42:7,0,0
Union Pacific,Union_Pacific_2022_10k,0,,369,74,hier,PASS,3.8,1,83,684,7,1.0,,22,0
Union Pacific,Union_Pacific_2024_10k,0,,372,71,hier,PASS,2.1,2,112,668,3,0.4,,18,0
Union Pacific,Union_Pacific_2025_10k,0,,409,74,hier,PASS,1.7,3,121,662,4,0.6,,30,0
Walmart,Walmart (WMT)_2021_10K,0,,446,66,hier,PASS,4.0,1,101,853,18,2.1,p92:15,54,0
Walmart,Walmart (WMT)_2022_10K,0,,449,64,hier,PASS,4.4,1,104,853,18,2.1,p94:15,46,4
